{
  "id": "sholium",
  "name": "Sholium",
  "author": [
    "GreenKookie"
  ],
  "description": "Made with Joker Forge by jaydchw.\n\nWhat if bloonalatro was way more unbalanced, funnier and stupider? Behold the Sholium.\nThis mod was crafted to be stupidly unbalanced and have really dumb joker effects or something idk ._.  \nThe numbers in the parentheses are the specific btd6 versions that the joker effects are referring to.\nOther things you might stumple upon including inside jokes, self insert, other things I like and much more.\nGetting a revamp in 1.4.0.",
  "prefix": "sholium",
  "main_file": "main.lua",
  "version": "1.4.0",
  "priority": 2025,
  "badge_colour": "228922",
  "badge_text_colour": "FFFFFF",
  "dependencies": [
    "Talisman (>=2.3.1)",
    "Steamodded (>=1.0.0~BETA-0711a)"
  ]
}